Trial,MSE
1,77.47373463675689
2,8.01480281578738
3,0.5427552309205985
4,10.75264205439634
5,7.574659243431519
6,0.4330302418705262
