Trial,MSE
1,2.1382386833905396
2,0.23079024255627767
3,0.7758545211336139
4,0.08502569910052159
5,2.3692914294521574
6,0.1248331440084501
