Trial,MSE
1,0.68041155298301
2,0.2478822266295997
3,0.7324661772163028
4,0.5174409767285539
5,0.9095230459453985
6,0.4068629783279837
