Trial,MSE
1,5.509622937924337
2,0.9772421286663056
3,0.26261264739010254
4,3.1547961568291067
5,2.5358603627394323
6,0.7502026980474471
