Trial,MSE
1,0.8506291373041583
2,0.37368556414661996
3,0.5167602543183836
4,0.6848410069572546
5,0.5228932226185883
6,0.11338687829813296
