Trial,MSE
1,0.5972636550503712
2,0.07472149603221052
3,3.0668773451934177
4,0.533085069790738
5,0.24266282483535748
6,0.5895703540290053
