Trial,MSE
1,80.91264994305986
2,4.113593484801408
3,1.7026309228126801
4,2.4953123314878125
5,0.5340703069896292
6,1.3425972269902238
